index,timestamp,input,cache_read,cache_write,prompt,output,reasoning,total,cost_usd,stop_reason
1,2026-09-29T22:34:13.256000+00:00,2723,768,0,3491,166,0,3657,0.00102071,toolUse
2,2026-09-29T22:34:14.214000+00:00,6251,3584,0,9835,205,29,10040,0.00214280,toolUse
3,2026-09-29T22:34:15.747000+00:00,2892,9984,0,12876,370,113,13246,0.00137150,toolUse
4,2026-09-29T22:34:17.637000+00:00,6765,13184,0,19949,5991,5755,25940,0.00929780,toolUse
5,2026-09-29T22:34:48.488000+00:00,1976,25856,0,27832,499,256,28331,0.00134674,toolUse
6,2026-09-29T22:34:51.430000+00:00,339,28288,0,28627,14063,12799,42690,0.01714703,toolUse
7,2026-09-29T22:35:50.907000+00:00,329,42624,0,42953,905,20,43858,0.00144044,toolUse
8,2026-09-29T22:35:54.133000+00:00,139,43776,0,43915,1914,5,45829,0.00260116,toolUse
9,2026-09-29T22:36:00.308000+00:00,205,45696,0,45901,1919,0,47820,0.00263848,toolUse
10,2026-09-29T22:36:06.468000+00:00,147,47744,0,47891,9266,7896,57157,0.01144976,toolUse
11,2026-09-29T22:36:46.021000+00:00,231,56960,0,57191,1836,11,59027,0.00261426,toolUse
12,2026-09-29T22:36:51.600000+00:00,210,58880,0,59090,4210,6,63300,0.00546828,toolUse
13,2026-09-29T22:37:04.734000+00:00,230,63104,0,63334,3422,187,66756,0.00455402,toolUse
14,2026-09-29T22:37:15.685000+00:00,261,66560,0,66821,4780,1105,71601,0.00621366,toolUse
15,2026-09-29T22:37:31.756000+00:00,211,71424,0,71635,1962,658,73597,0.00284624,toolUse
16,2026-09-29T22:37:39.010000+00:00,159,73472,0,73631,2383,0,76014,0.00334813,toolUse
17,2026-09-29T22:37:46.699000+00:00,144,75904,0,76048,3239,531,79287,0.00438542,toolUse
18,2026-09-29T22:37:57.898000+00:00,218,79104,0,79322,938,127,80260,0.00166562,toolUse
19,2026-09-29T22:38:01.311000+00:00,168,80128,0,80296,380,227,80676,0.00098717,toolUse
20,2026-09-29T22:38:03.096000+00:00,205,80512,0,80717,19902,7717,100619,0.02442697,toolUse
21,2026-09-29T22:39:09.440000+00:00,173,100480,0,100653,6198,5495,106851,0.00809238,toolUse
22,2026-09-29T22:39:33.363000+00:00,170,106752,0,106922,1934,0,108856,0.00301231,toolUse
23,2026-09-29T22:39:38.832000+00:00,258,108672,0,108930,2260,327,111190,0.00344143,toolUse
24,2026-09-29T22:39:45.939000+00:00,154,111104,0,111258,323,23,111581,0.00110042,toolUse
25,2026-09-29T22:39:47.419000+00:00,159,111488,0,111647,332,0,111979,0.00111503,toolUse
26,2026-09-29T22:39:49.064000+00:00,171,111872,0,112043,175,0,112218,0.00093253,toolUse
27,2026-09-29T22:39:50.267000+00:00,253,112000,0,112253,119,0,112372,0.00089070,toolUse
28,2026-09-29T22:39:51.890000+00:00,142,112256,0,112398,123,16,112521,0.00086374,toolUse
29,2026-09-29T22:39:54.117000+00:00,1928,112512,0,114440,245,159,114685,0.00154747,toolUse
30,2026-09-29T22:39:55.770000+00:00,412,114560,0,114972,119,0,115091,0.00095376,toolUse
31,2026-09-29T22:39:57.195000+00:00,186,114944,0,115130,104,0,115234,0.00087026,toolUse
32,2026-09-29T22:40:00.733000+00:00,1109,115200,0,116309,238,114,116547,0.00130950,toolUse
33,2026-09-29T22:40:03.928000+00:00,414,116480,0,116894,223,67,117117,0.00109068,toolUse
34,2026-09-29T22:40:05.530000+00:00,140,116992,0,117132,87,0,117219,0.00084835,toolUse
35,2026-09-29T22:40:06.722000+00:00,428,117120,0,117548,107,0,117655,0.00095952,toolUse
36,2026-09-29T22:40:09.218000+00:00,368,117632,0,118000,495,348,118495,0.00141019,toolUse
37,2026-09-29T22:40:11.591000+00:00,354,118400,0,118754,107,0,118861,0.00094500,toolUse
38,2026-09-29T22:40:14.121000+00:00,423,118784,0,119207,407,72,119614,0.00132800,toolUse
39,2026-09-29T22:40:16.027000+00:00,229,119424,0,119653,107,0,119760,0.00091364,toolUse
40,2026-09-29T22:40:19.160000+00:00,733,119680,0,120413,1234,864,121647,0.00241878,toolUse
41,2026-09-29T22:40:25.236000+00:00,253,121472,0,121725,133,0,121858,0.00096433,toolUse
42,2026-09-29T22:40:29.767000+00:00,174,121856,0,122030,129,0,122159,0.00093814,toolUse
43,2026-09-29T22:40:33.649000+00:00,163,122112,0,122275,506,382,122781,0.00138877,toolUse
44,2026-09-29T22:40:36.769000+00:00,212,122752,0,122964,236,95,123200,0.00108331,toolUse
45,2026-09-29T22:40:39.090000+00:00,224,123136,0,123360,226,64,123586,0.00107722,toolUse
46,2026-09-29T22:40:40.751000+00:00,230,123392,0,123622,141,0,123763,0.00097855,toolUse
47,2026-09-29T22:40:44.040000+00:00,269,123648,0,123917,354,235,124271,0.00124739,toolUse
48,2026-09-29T22:40:47.315000+00:00,253,124032,0,124285,118,0,124403,0.00096169,toolUse
49,2026-09-29T22:40:49.716000+00:00,1229,124288,0,125517,151,16,125668,0.00129563,toolUse
50,2026-09-29T22:40:51.963000+00:00,185,125568,0,125753,1033,867,126786,0.00204851,toolUse
51,2026-09-29T22:40:58.095000+00:00,143,126720,0,126863,351,131,127214,0.00122442,toolUse
52,2026-09-29T22:41:01.040000+00:00,151,127104,0,127255,1471,1238,128726,0.00257312,toolUse
53,2026-09-29T22:41:08.998000+00:00,174,128640,0,128814,282,57,129096,0.00116244,toolUse
54,2026-09-29T22:41:11.634000+00:00,165,129024,0,129189,1283,893,130472,0.00236324,toolUse
55,2026-09-29T22:41:19.254000+00:00,208,130304,0,130512,494,75,131006,0.00143702,toolUse
56,2026-09-29T22:41:23.352000+00:00,223,130816,0,131039,2935,2088,133974,0.00437380,toolUse
57,2026-09-29T22:41:37.314000+00:00,134,133888,0,134022,834,0,134856,0.00184433,toolUse
58,2026-09-29T22:41:40.795000+00:00,234,134656,0,134890,630,183,135520,0.00163414,toolUse
59,2026-09-29T22:41:43.942000+00:00,246,135296,0,135542,159,0,135701,0.00107638,toolUse
60,2026-09-29T22:41:49.275000+00:00,139,135680,0,135819,837,576,136656,0.00186018,toolUse
61,2026-09-29T22:41:54.668000+00:00,233,136448,0,136681,372,169,137053,0.00133499,toolUse
62,2026-09-29T22:41:57.783000+00:00,235,136832,0,137067,363,281,137430,0.00132709,toolUse
63,2026-09-29T22:42:00.313000+00:00,700,137344,0,138044,1368,1031,139412,0.00267566,toolUse
64,2026-09-29T22:42:08.290000+00:00,162,139264,0,139426,752,172,140178,0.00178658,toolUse
65,2026-09-29T22:42:15.079000+00:00,188,140032,0,140220,827,680,141047,0.00188899,toolUse
66,2026-09-29T22:42:21.586000+00:00,805,140928,0,141733,561,184,142294,0.00176027,toolUse
67,2026-09-29T22:42:25.775000+00:00,214,142208,0,142422,140,0,142562,0.00108545,toolUse
68,2026-09-29T22:42:27.929000+00:00,226,142464,0,142690,348,207,143038,0.00134018,toolUse
69,2026-09-29T22:42:30.890000+00:00,214,142976,0,143190,178,29,143368,0.00113566,toolUse
70,2026-09-29T22:42:36.284000+00:00,249,143232,0,143481,806,518,144287,0.00190129,toolUse
71,2026-09-29T22:42:40.979000+00:00,177,144128,0,144305,443,59,144748,0.00144947,toolUse
72,2026-09-29T22:42:48.313000+00:00,180,144640,0,144820,392,248,145212,0.00139224,toolUse
73,2026-09-29T22:42:55.459000+00:00,230,145024,0,145254,1411,1053,146665,0.00263234,toolUse
74,2026-09-29T22:43:04.135000+00:00,251,146432,0,146683,393,181,147076,0.00142549,toolUse
75,2026-09-29T22:43:09.146000+00:00,163,146944,0,147107,473,315,147580,0.00149816,toolUse
76,2026-09-29T22:43:13.601000+00:00,309,147456,0,147765,472,324,148237,0.00154384,toolUse
77,2026-09-29T22:43:17.180000+00:00,169,148224,0,148393,165,0,148558,0.00113804,toolUse
78,2026-09-29T22:43:19.334000+00:00,180,148480,0,148660,279,122,148939,0.00127968,toolUse
79,2026-09-29T22:43:22.182000+00:00,249,148864,0,149113,2018,1516,151131,0.00338948,toolUse
80,2026-09-29T22:43:34.236000+00:00,256,150912,0,151168,901,371,152069,0.00206347,toolUse
81,2026-09-29T22:43:44.184000+00:00,181,151936,0,152117,873,711,152990,0.00201352,toolUse
82,2026-09-29T22:43:50.772000+00:00,184,152960,0,153144,844,680,153988,0.00198576,toolUse
83,2026-09-29T22:43:57.313000+00:00,177,153856,0,154033,1491,1127,155524,0.00276544,toolUse
84,2026-09-29T22:44:05.430000+00:00,151,155392,0,155543,547,259,156090,0.00163405,toolUse
85,2026-09-29T22:44:09.715000+00:00,220,155904,0,156124,578,393,156702,0.00169502,toolUse
86,2026-09-29T22:44:13.716000+00:00,192,156544,0,156736,692,512,157428,0.00182726,toolUse
87,2026-09-29T22:44:18.659000+00:00,336,157312,0,157648,681,388,158329,0.00186187,toolUse
88,2026-09-29T22:44:23.113000+00:00,139,158208,0,158347,692,504,159039,0.00182135,toolUse
89,2026-09-29T22:44:29.971000+00:00,390,158976,0,159366,1117,654,160483,0.00241126,toolUse
90,2026-09-29T22:44:38.948000+00:00,202,160384,0,160586,1899,1643,162485,0.00330170,toolUse
91,2026-09-29T22:44:50.178000+00:00,208,162304,0,162512,929,535,163441,0.00215102,toolUse
92,2026-09-29T22:44:56.382000+00:00,167,163328,0,163495,1483,424,164978,0.00280967,toolUse
93,2026-09-29T22:45:02.269000+00:00,178,164864,0,165042,375,0,165417,0.00149258,toolUse
94,2026-09-29T22:45:04.362000+00:00,207,165248,0,165455,193,0,165648,0.00128519,toolUse
95,2026-09-29T22:45:08.297000+00:00,199,165632,0,165831,218,38,166049,0.00131509,toolUse
96,2026-09-29T22:45:18.250000+00:00,223,166016,0,166239,161,0,166400,0.00125620,toolUse
97,2026-09-29T22:45:19.684000+00:00,1202,166400,0,167602,1356,1191,168958,0.00298620,toolUse
98,2026-09-29T22:45:27.743000+00:00,1328,168832,0,170160,687,525,170847,0.00223579,toolUse
99,2026-09-29T22:45:32.760000+00:00,1297,170752,0,172049,1981,1738,174030,0.00379081,toolUse
100,2026-09-29T22:45:42.759000+00:00,258,173824,0,174082,458,0,174540,0.00166994,toolUse
101,2026-09-29T22:45:45.346000+00:00,151,174464,0,174615,978,0,175593,0.00226568,toolUse
102,2026-09-29T22:45:50.593000+00:00,144,175488,0,175632,1145,129,176777,0.00247013,toolUse
103,2026-09-29T22:45:55.271000+00:00,212,176640,0,176852,1504,181,178356,0.00292824,toolUse
104,2026-09-29T22:46:00.838000+00:00,255,178176,0,178431,188,0,178619,0.00137116,toolUse
105,2026-09-29T22:46:02.770000+00:00,225,178432,0,178657,107,0,178764,0.00126649,toolUse
106,2026-09-29T22:46:06.403000+00:00,245,178560,0,178805,170,0,178975,0.00134886,toolUse
107,2026-09-29T22:46:16.233000+00:00,221,178944,0,179165,163,0,179328,0.00133556,toolUse
108,2026-09-29T22:46:18.391000+00:00,1202,179328,0,180530,849,535,181379,0.00245537,toolUse
109,2026-09-29T22:46:23.680000+00:00,645,181376,0,182021,4811,3101,186832,0.00705496,toolUse
110,2026-09-29T22:46:44.050000+00:00,154,186752,0,186906,2030,829,188936,0.00360271,toolUse
111,2026-09-29T22:46:53.206000+00:00,168,188800,0,188968,113,0,189081,0.00131880,toolUse
112,2026-09-29T22:46:55.228000+00:00,185,189056,0,189241,109,0,189350,0.00132064,toolUse
113,2026-09-29T22:47:00.085000+00:00,357,189312,0,189669,1464,952,191133,0.00299977,toolUse
114,2026-09-29T22:47:21.850000+00:00,362,191104,0,191466,370,229,191836,0.00169922,toolUse
115,2026-09-29T22:47:24.977000+00:00,259,191616,0,191875,109,0,191984,0.00135820,toolUse
116,2026-09-29T22:47:40.965000+00:00,443,191872,0,192315,575,221,192890,0.00197413,toolUse
117,2026-09-29T22:48:18.290000+00:00,262,192768,0,193030,666,542,193696,0.00203441,toolUse
118,2026-09-29T22:48:23.731000+00:00,1584,193664,0,195248,349,63,195597,0.00205598,toolUse
119,2026-09-29T22:48:30.654000+00:00,166,195584,0,195750,162,0,195912,0.00141770,toolUse
120,2026-09-29T22:48:33.213000+00:00,1274,195840,0,197114,482,357,197596,0.00213564,toolUse
121,2026-09-29T22:48:37.120000+00:00,561,197504,0,198065,546,521,198611,0.00200852,toolUse
122,2026-09-29T22:48:41.393000+00:00,237,198400,0,198637,207,40,198844,0.00150990,toolUse
123,2026-09-29T22:48:44.232000+00:00,299,198784,0,199083,674,0,199757,0.00209120,stop
